{"items": ["1"], "support": 0.6411811758432209, "ordered_statistics": [{"items_base": [], "items_add": ["1"], "confidence": 0.6411811758432209, "lift": 1.0}]}
